,A,B,C,D
2012-01-01,0.81892615525,1.10677412392,2.88050226968,0.396272143737
2012-01-02,1.88476573264,2.13139829007,2.22290322,1.15186443077
2012-01-03,0.592981325193,1.29944430731,2.85324428385,1.95261671482
2012-01-04,0.893606100859,1.01500421701,1.44423154622,1.24181679556
2012-01-05,0.737761301293,0.523827752143,1.13316569139,1.56746760544
2012-01-06,1.80324238309,0.388364437307,0.633874192265,0.50811675328
2012-01-07,1.36145596061,1.77625580601,-0.186330302295,0.385582693562
2012-01-08,2.20075850667,1.36491695796,0.00231647648783,0.924140313054
2012-01-09,0.511040436941,1.14727398135,0.525522458562,1.5283167166
2012-01-10,0.889106765823,0.648486977206,0.589886212814,1.98168758242
2012-01-11,1.30360478695,0.0717170748136,0.46141345194,1.93446475412
2012-01-12,0.585837037764,0.275783367528,1.0551302177,1.83276226814
2012-01-13,-0.33147039538,0.782605034113,0.804876420798,1.29905536416
2012-01-14,-0.119198863427,0.577386772801,1.1363320375,0.78035558049
2012-01-15,1.7366709262,-0.0764759722571,-0.634528369136,0.646100864087
2012-01-16,1.93451870482,-1.0417849103,1.68781460137,1.07147256752
2012-01-17,2.15603922156,-1.30528418449,2.68517831778,1.74882713294
2012-01-18,0.303340567397,-1.41854731022,3.18771892593,2.46510360562
2012-01-19,-0.567969977698,-2.73308276707,5.2139769681,2.02848164439
2012-01-20,-0.523052297355,-2.66364138783,5.58398652882,2.70637672923
2012-01-21,-0.897545797405,-3.31573566883,3.5258996642,2.47159704712
2012-01-22,-1.81517630651,-3.91416402581,4.44362363206,4.59310060869
2012-01-23,-1.1926820593,-5.35206131466,5.30181723037,4.73789726236
2012-01-24,-0.177053763783,-6.08644372105,6.4913849593,6.12376955172
2012-01-25,0.857682082735,-7.08392759813,5.94869051348,5.5384114122
2012-01-26,-0.183374671562,-6.98675201179,6.8349382546,5.09604968196
2012-01-27,0.821666058966,-6.23852649033,4.59675769836,4.83885109922
2012-01-28,1.33497632972,-5.8019303086,4.92396997344,2.88814903496
2012-01-29,0.732453760562,-6.01393166495,4.47075924032,3.78088163374
2012-01-30,-0.481947047618,-5.92821759211,4.84623101664,3.70898066592
2012-01-31,-2.19091215226,-5.41450143191,5.36714000209,3.82179525325
2012-02-01,-3.18192586101,-3.696131506,3.69586483206,4.11419731883
2012-02-02,-3.49650866313,-3.77511334868,3.87524911128,3.73355681438
2012-02-03,-2.31483035514,-2.81358657639,5.3013892864,5.07233363201
2012-02-04,-0.802537432132,-2.54450485796,2.43505314531,6.12153659538
2012-02-05,-0.700445810758,-1.32110212645,2.96309713136,5.14148415847
2012-02-06,0.226812654224,-2.39902231446,4.0032975752,4.46117763483
2012-02-07,0.072194302825,-3.72693024839,3.42259493986,4.90382676222
2012-02-08,-0.911872900187,-2.74004238812,4.00961417236,5.53190412583
2012-02-09,-1.05925695025,-3.18824477179,5.67891925547,3.59842116192
2012-02-10,0.954536371485,-3.02642576117,4.81518873016,2.02998097578
2012-02-11,0.194307059019,-2.03413507465,4.01204857963,2.57587469943
2012-02-12,-0.90144752156,-3.81767403354,3.29520380338,2.43607902838
2012-02-13,0.3064245332,-5.11876262098,2.04023502367,1.95905354361
2012-02-14,1.4858808155,-6.00607517034,2.70594554532,1.25847771604
2012-02-15,1.71610128393,-4.96810626361,2.39151644969,2.70336062811
2012-02-16,0.705797596813,-6.71638412547,2.24640217158,3.91489009368
2012-02-17,0.319332218229,-5.48738597906,2.064665713,4.81449074343
2012-02-18,1.92447048589,-6.32453985171,2.64838383031,5.03274562288
2012-02-19,0.0181228903627,-6.42772675128,1.94391106392,7.23537900701
2012-02-20,-0.528304005828,-5.84929087384,0.670253246988,7.36576101741
2012-02-21,0.691491267323,-4.97509100057,-0.649568237618,8.05451588092
2012-02-22,0.128724391859,-4.94283936308,-0.0857226396509,8.85733144461
2012-02-23,-0.498085099067,-5.64125021645,-0.426852019464,7.9044982375
2012-02-24,-0.845309022758,-6.24216010764,-0.918442100621,5.60627476187
2012-02-25,-0.991601331312,-6.69745066325,2.04027432271,5.02994093074
2012-02-26,-0.502350746104,-7.26863760988,2.2249825355,4.90604665121
2012-02-27,-0.930941497319,-8.37379511779,3.08805818524,6.31883012423
2012-02-28,-1.77513869978,-7.76660350239,2.61324834052,8.38049495543
2012-02-29,-2.32682998726,-8.50549279428,2.80758704291,8.4041321011
2012-03-01,-2.29095890323,-8.36587632921,3.14482522576,7.75265651042
2012-03-02,-2.26104534526,-8.462626063,1.20237072865,8.6308681653
2012-03-03,-2.27348760366,-8.20327947653,0.778765758567,8.10695722869
2012-03-04,-1.47536644548,-7.70471528804,1.09447658335,8.49774141584
2012-03-05,-2.78433892323,-8.39233081202,0.58805094372,9.5495200312
2012-03-06,-1.85366696322,-6.78225654183,1.14147246295,10.1778563939
2012-03-07,-1.82205459702,-5.65480517023,0.555061751119,9.14149503742
2012-03-08,-0.569892859422,-5.00433836228,-0.859033893857,10.3172237314
2012-03-09,-1.12131294658,-4.2351903422,-0.0874679102528,10.5633131295
2012-03-10,-1.19217299136,-3.02490486282,1.1023187135,12.8800613018
2012-03-11,-0.710027422771,-2.93301334101,0.65247843885,13.7823927959
2012-03-12,0.217276611938,-5.00289234763,0.899555649446,14.0540741453
2012-03-13,-0.697554108553,-4.46253528457,2.33004680099,14.0362720701
2012-03-14,-2.20807473973,-3.32309681507,1.31936132044,13.3418146434
2012-03-15,-1.55709590856,-4.22020045102,1.43184839063,15.0320066829
2012-03-16,-1.34746389387,-2.76120131041,0.478247906507,16.5626946684
2012-03-17,-1.41984824319,-1.81651477687,-1.74540054546,15.7676306994
2012-03-18,-1.46705087774,-0.796159178298,-0.583051208981,14.4823445177
2012-03-19,-1.80819269017,0.115265916373,-0.628858626287,14.4461150386
2012-03-20,-2.48721796514,0.290679893482,-0.0668727225596,14.4625737884
2012-03-21,-3.35595470964,1.866001332,0.694139110523,14.6909969489
2012-03-22,-4.17381658396,2.12170455908,1.1663499577,15.7825861731
2012-03-23,-4.49322327612,2.60606882651,1.38082058006,18.3947762772
2012-03-24,-6.4007096192,2.68262966912,1.42612783027,19.9194548671
2012-03-25,-6.10425512006,1.57891140556,1.33603056519,19.4247474503
2012-03-26,-6.88620319682,1.48958823008,2.42613546792,16.6603432336
2012-03-27,-6.81923101405,0.846932602413,1.28390385721,17.254993955
2012-03-28,-6.74296584728,0.527762372352,0.374256961253,15.4239126031
2012-03-29,-8.12699000107,0.954605128209,-0.181617944619,17.4434967877
2012-03-30,-7.72586889712,0.40359744795,-0.399389846279,19.1197142886
2012-03-31,-7.64926272927,1.46381031468,0.268793043141,19.1668384595
2012-04-01,-7.66261443132,2.83377153821,-1.75032313624,18.6108058361
2012-04-02,-5.91866347071,4.4143151698,-2.5245553868,20.8811230823
2012-04-03,-6.45441794002,4.70032914258,-3.37314158438,20.7959686854
2012-04-04,-6.37774387509,5.06730919765,-2.70709663118,22.2626926224
2012-04-05,-5.92774216649,5.17560406901,-3.26136004262,21.3194905628
2012-04-06,-4.38442540226,4.74418040242,-4.71089619913,20.5915648159
2012-04-07,-3.86655749012,3.15627391437,-5.7055686932,19.2640598922
2012-04-08,-3.74516123229,3.39039972926,-6.33941975612,20.2870592026
2012-04-09,-2.87485888399,4.86082012504,-4.99230571914,19.0625556181
2012-04-10,-3.08033896316,5.19841670908,-3.29894694266,21.5039271781
2012-04-11,-3.105750151,5.64528548745,-3.57305722227,20.9324883438
2012-04-12,-4.65250074433,6.87600565431,-4.05273966457,21.7882468436
2012-04-13,-2.63369530867,6.05968136198,-3.15286135651,21.0276809647
2012-04-14,-1.8913260631,5.32560153866,-1.9364273944,22.3882865934
2012-04-15,-1.11428474894,5.51503268988,-0.728908634471,21.0725600446
2012-04-16,-1.50096138765,6.0273079625,-0.0214664647299,20.2609224641
2012-04-17,-1.44499155918,5.66139236433,-1.50939529575,21.3619715742
2012-04-18,-0.622313476512,9.55135733084,-1.47430537833,20.3629030278
2012-04-19,0.133292128896,10.822803528,-1.82277953973,21.8927729883
2012-04-20,-0.858868357161,13.8029933162,-1.09770490006,23.6118576404
2012-04-21,-0.509198989155,14.6194966408,-1.19143381444,23.1578891015
2012-04-22,0.404512033083,14.2310790495,-3.49135968515,25.2974506683
2012-04-23,0.158339436513,13.9388473045,-3.57651695284,24.0456882106
2012-04-24,1.53185036263,15.0632098028,-2.52651790497,23.6669502796
2012-04-25,1.41978236769,13.8651201133,-1.47710069865,23.7565110648
2012-04-26,1.06752777821,12.0491585785,-1.90407970265,23.4055717371
2012-04-27,0.39678055884,11.442686226,-0.614200716302,22.716858783
2012-04-28,-0.267907356683,11.273087573,-2.93220023028,23.0342989795
2012-04-29,-0.0852652344607,11.7495072507,-3.32283882058,23.9195180192
2012-04-30,0.255630147747,12.1024122086,-3.43093844717,21.6352386832
2012-05-01,-0.418338732807,12.5084612205,-4.6357290569,21.3771392101
2012-05-02,-0.612915407318,11.7812635713,-3.94703659978,20.9043114251
2012-05-03,-1.90671533999,11.7322996689,-3.97740083215,18.859475817
2012-05-04,-1.131410705,10.0368079567,-3.82541125975,20.4299247447
2012-05-05,1.02324068935,9.35911448035,-3.80176603894,20.3336998311
2012-05-06,1.9306311015,9.87556593277,-4.12148435365,20.9784754701
2012-05-07,1.41492386987,11.0869223322,-3.64424144592,20.3811056249
2012-05-08,3.92007286161,9.51215514376,-3.01084759237,21.7159171751
2012-05-09,2.78620476953,9.75143900574,-3.35090147937,21.3838290294
2012-05-10,3.77467209624,9.63972459411,-5.31642871637,21.3018536391
2012-05-11,1.85025238252,8.34938145108,-3.0426301654,21.8445548165
2012-05-12,-0.0170240628983,8.16424465346,-1.30462172884,21.3434774986
2012-05-13,-0.0978757586287,8.05808805579,-0.98080145887,23.4644113666
2012-05-14,-0.716480580151,7.68278734392,-0.761114964536,22.5098149414
2012-05-15,-0.872738850997,7.11220958449,-1.44044671157,23.0073829674
2012-05-16,-0.384119274083,6.27013513101,-1.11641649877,24.4794989199
2012-05-17,-0.777832931768,6.07834167943,-2.39649651027,24.0625832781
2012-05-18,-0.595436750177,5.6573932011,-4.0818587025,24.5102652582
2012-05-19,-0.225105712564,4.91851550831,-3.97739608038,23.7235762653
2012-05-20,-0.381810181453,4.10108847783,-3.5770826056,23.4461567773
2012-05-21,-0.42235928968,3.20940223337,-1.46663187666,23.4167894909
2012-05-22,0.299905423851,2.15997150333,-3.21081999871,22.6395577565
2012-05-23,1.37134405246,1.78847461759,-1.65055059347,21.9511460783
2012-05-24,1.38961994772,2.84813343523,-2.59628798349,22.6606827949
2012-05-25,0.513775607784,2.65183861323,-1.77390902688,23.7587282794
2012-05-26,1.21939985754,2.29582918758,-2.05316239096,21.7307755916
2012-05-27,0.137277490807,3.10506145875,-0.511669332852,20.9984052638
2012-05-28,1.76369459623,2.59654720091,-1.36310261979,21.8236463118
2012-05-29,3.73665028544,2.77592079688,-0.439504649449,21.9471880575
2012-05-30,5.41643012953,2.63894268227,0.249410384049,21.8095289437
2012-05-31,4.63403683903,1.60034288124,-0.101555325544,19.6945319866
2012-06-01,3.39704454847,2.17125253368,-0.590535900346,21.299363179
2012-06-02,3.9760967664,3.22942441836,-0.843790111933,20.1634601603
2012-06-03,3.440128305,2.72034834345,-0.159063888117,19.7061924189
2012-06-04,2.87831168745,3.61489275507,-1.09335887608,20.9658074071
2012-06-05,4.26321902562,4.78340935991,-1.6509721482,21.6403513672
2012-06-06,4.82577012244,3.8635603398,-1.19170596489,22.6075633293
2012-06-07,3.86275391673,4.63801260613,-0.585056143626,22.3459147162
2012-06-08,4.02335862664,5.40344573309,-0.346220936856,22.4287256137
2012-06-09,4.70158237958,5.40698204179,0.694690252827,22.8961079295
2012-06-10,6.22102906295,5.30185700456,-0.265515426918,23.0994610625
2012-06-11,6.25415234544,5.74458278885,0.00663708965369,23.85280977
2012-06-12,5.57016512722,7.8163135268,0.204676304951,25.0173209132
2012-06-13,6.11987167952,9.75856843387,0.602318544135,24.31090018
2012-06-14,4.88037158837,9.15792255697,-0.250702486964,23.1842087381
2012-06-15,2.58245146259,9.04382466475,0.0246808803381,24.7886428912
2012-06-16,3.26344793942,8.49027920473,0.441432189314,25.3023935001
2012-06-17,4.18305370444,9.32223887158,0.5156823517,25.231552078
2012-06-18,4.5054250276,9.02975359714,1.35079792916,25.1286948953
2012-06-19,4.11076541315,8.64004884265,2.05605845051,24.3721199395
2012-06-20,6.5128987412,8.97232798258,0.852348767173,25.7128581472
2012-06-21,6.69935559775,7.97872402349,0.467589927097,24.8714260274
2012-06-22,4.21234840572,8.57419598026,1.31813959536,23.2915053616
2012-06-23,5.67971595975,9.73970293331,1.0168612793,23.3225870054
2012-06-24,6.67105683672,10.2312512212,0.1106514026,22.4300732697
2012-06-25,6.22907201467,10.3610169659,-0.742032140078,23.7200896471
2012-06-26,7.76419594351,10.584984399,-0.346295448801,22.6630162656
2012-06-27,7.69808517084,10.8926285308,0.514564206909,22.0331265887
2012-06-28,7.47844986957,11.6046242584,0.705008153477,22.7078050315
2012-06-29,6.46797746224,12.0127250042,1.52111250866,20.7816566954
2012-06-30,7.16261036192,13.1593698395,2.58035998548,18.7253658564
2012-07-01,7.06722937347,13.5965458234,1.9580738815,18.9841727617
2012-07-02,7.35752134835,13.1542829261,1.53002078423,19.4978954785
2012-07-03,8.49532820916,12.1373624721,1.82632291353,18.7123720555
2012-07-04,8.79430497705,13.2478237701,1.83065014566,19.9026820323
2012-07-05,9.68990237599,13.0588459477,1.2429875973,20.4095154246
2012-07-06,8.6778278537,13.5585695151,-0.330553105483,19.6100273099
2012-07-07,9.27583692596,15.2844069554,1.99919038606,17.9103972615
2012-07-08,10.1847178303,15.8617238826,2.32337908429,17.7368796472
2012-07-09,9.33547120159,15.6971012525,2.24348511331,17.2093252657
2012-07-10,8.7823890485,15.7670352642,3.27472826991,17.7772990161
2012-07-11,9.65905454138,16.9185417165,2.96011716366,16.3229523252
2012-07-12,9.78558474504,14.9013966204,2.0003457794,16.2076080362
2012-07-13,10.5654408347,16.301217453,1.22462428836,15.1934934949
2012-07-14,10.4907109062,18.56758465,-0.399930840562,14.1328031558
2012-07-15,10.8914565804,17.5231913904,-1.45159759205,15.0649209364
2012-07-16,9.8980545856,17.1200940416,-2.09983791116,15.8423413613
2012-07-17,12.1588832915,17.2864517529,-2.52227039996,15.7173117247
2012-07-18,10.4799318728,16.5115449769,-2.48524031738,16.0349364695
2012-07-19,10.0334783862,17.9998570151,-2.94339908779,16.1895066597
2012-07-20,9.84512132853,16.532011407,-1.0550774765,16.5282525375
2012-07-21,10.5959553449,15.2561707907,-1.031385667,16.2782685853
2012-07-22,11.6519180294,14.5027580319,-2.29305098407,16.3983823638
2012-07-23,12.1002140432,15.3895569349,-1.78141680292,18.3489521809
2012-07-24,12.1824089816,15.1136632116,-1.50602444529,20.1065852943
2012-07-25,11.1015865144,15.9149662618,-0.335896057918,20.2231240735
2012-07-26,10.834531263,14.4051376592,0.302915195674,21.5378076853
2012-07-27,11.4378206265,15.3656533745,1.81445633901,20.1892047129
2012-07-28,12.4984955251,16.1291918701,0.745108390961,19.3784469241
2012-07-29,13.1037477654,15.5164194807,0.0885517668539,17.6003888389
2012-07-30,14.6283357045,15.9488079814,0.141190055933,17.5222802038
2012-07-31,16.2912539354,14.6619595551,-0.304059555269,17.6418014564
2012-08-01,15.425195132,14.9517585861,-1.04692477426,17.2756849563
2012-08-02,15.415559764,15.2588944947,-1.93396770546,15.4715993223
2012-08-03,12.9803645598,13.7306605696,-0.5044870579,13.0709198095
2012-08-04,16.3986060053,12.2268667024,-0.00652589649511,12.5073540366
2012-08-05,17.5182736265,12.3696383218,-0.674748235017,12.8325101957
2012-08-06,18.1918293097,13.3481134485,-0.860826086415,14.4818500762
2012-08-07,20.1794399706,14.4242007028,-1.98642653749,12.6411165234
2012-08-08,21.2988776358,15.8863735088,0.209804651435,14.4491741411
2012-08-09,20.6399233922,14.3833432531,0.0572173087964,12.6535182936
2012-08-10,20.2466661624,14.2432398477,1.01779841087,13.0070539345
2012-08-11,19.5060077199,15.1618020209,2.3627630113,12.9588568146
2012-08-12,20.3267224891,15.9706860722,2.91641441962,12.3357189794
2012-08-13,19.7214820861,17.7343505048,3.24180777953,11.6230697481
2012-08-14,18.9909353702,17.7163646451,3.98767760872,12.3347184128
2012-08-15,18.0688127565,17.6556095204,1.9407686359,12.1850009362
2012-08-16,16.8409344897,17.3709036643,0.692757362082,12.03403684
2012-08-17,16.4915610055,16.6759967394,1.80633098234,12.7315434239
2012-08-18,17.673573702,15.2097196937,1.76221861902,11.2817925692
2012-08-19,17.7639224451,13.8403796245,3.09039587375,11.322396133
2012-08-20,17.5580597548,14.2274508228,5.3698299299,11.1320773588
2012-08-21,17.5734744009,13.832615375,5.12813629583,11.2367821503
2012-08-22,18.5926363029,12.8721355384,4.83549335999,11.6177932698
2012-08-23,17.7804427158,13.3040550527,4.2853213789,11.9979734955
2012-08-24,18.140401661,13.5708438191,4.40066782353,12.5425606197
2012-08-25,18.5680115101,16.6910158286,4.50839344484,12.6091381748
2012-08-26,16.2675771229,16.8941462444,4.27512747931,15.8301270213
2012-08-27,15.5752031937,16.9024690773,3.61280454376,15.0980403388
2012-08-28,14.4226030846,18.6225496501,2.85141276445,14.7204506828
2012-08-29,14.3932224725,17.6598727829,4.00028887586,15.1905023061
2012-08-30,14.0607184683,17.3554978621,2.44039971483,13.5449714721
2012-08-31,12.9428709028,17.5508196014,4.39188960252,15.2817960835
2012-09-01,11.6986865674,17.1733087493,4.5624250552,14.2018670797
2012-09-02,12.4478622742,16.2036925929,4.47285691498,15.2056502113
2012-09-03,14.8319500895,15.0836335745,2.18263389281,14.3742266736
2012-09-04,12.6569933924,15.5593796008,3.19028177573,14.5675399875
2012-09-05,11.8099534854,17.7391450588,2.73500771908,13.876394465
2012-09-06,13.5063976298,16.5805793197,1.95538460822,15.3744423434
2012-09-07,12.9122265898,15.5102690096,1.9126263454,16.4864059659
2012-09-08,13.1837558338,17.3553194085,3.10494097521,18.5153110236
2012-09-09,12.3307345684,18.4028907127,3.52286062471,18.1345516257
2012-09-10,11.5648616544,18.3827959618,2.38608538925,17.3220161885
2012-09-11,9.56401734732,16.6349231692,1.47059734971,16.4797831159
2012-09-12,8.00241729504,16.7148758785,0.458122476997,18.5086169042
2012-09-13,8.72202176032,15.8195134848,-0.956025358652,17.6937785355
2012-09-14,8.91468895136,14.9011590901,-0.925247300789,17.9263043618
2012-09-15,10.4716286792,14.3547815899,0.0992728207126,17.215282206
2012-09-16,10.9751497114,14.1466270939,-0.106247691352,17.6507394663
2012-09-17,10.4223831508,12.154346488,0.917093767853,17.0007562809
2012-09-18,10.9018906346,12.7703368839,-0.293874283895,17.7444442405
2012-09-19,9.7436150585,12.8155897197,-0.923893879749,18.413804292
2012-09-20,8.58377309612,15.5893102305,-1.33106707491,17.2506020743
2012-09-21,8.89311862568,13.4240047196,-1.47631262948,17.0710702889
2012-09-22,9.5486165941,14.5773439835,-1.82969308527,15.5424047576
2012-09-23,10.8814927307,13.4635624517,-1.94522477377,15.114096542
2012-09-24,11.8957596488,14.446446946,-0.566936369728,14.2750773887
2012-09-25,11.0563543311,15.5129671401,-1.89668922296,15.4031727591
2012-09-26,10.9364292634,14.2348978249,-3.16545611337,15.736502025
2012-09-27,10.1909490806,14.4674812381,-3.39585924113,15.5223578614
2012-09-28,9.97523406788,13.8469136473,-2.5952006651,17.7377583949
2012-09-29,9.83889986809,13.0192911621,-3.73336538647,16.2127539163
2012-09-30,10.2346606215,11.5162054193,-3.13630422106,16.2346660003
2012-10-01,9.21204718649,11.4543472234,-2.74032344154,16.9606801136
2012-10-02,10.5996593547,10.82498762,-1.84211866912,17.0535860674
2012-10-03,11.098428387,11.3707062967,-1.29954722625,17.7072912138
2012-10-04,11.6844749906,12.354249506,-0.170892013158,19.7382642424
2012-10-05,11.2820600839,12.2829965497,-0.347329714579,19.4153669819
2012-10-06,11.8783489272,11.4784411928,0.237085776264,20.5159909046
2012-10-07,12.2364009269,11.3614525178,-0.80191498321,20.7080696758
2012-10-08,11.584665492,11.71337394,-0.255104970979,19.957963261
2012-10-09,10.2802338243,12.0571546115,-0.181141742935,18.9641321276
2012-10-10,10.7894595331,11.5534132155,-0.481006705076,18.5608721216
2012-10-11,12.0762954394,11.8614617811,0.853249718715,19.2995217886
2012-10-12,10.847953541,12.2800415334,0.833725862759,20.4674620446
2012-10-13,11.3027940912,14.3422614194,0.771219194693,22.9864198628
2012-10-14,10.8776535955,14.1656242588,0.497621420861,24.7688197378
2012-10-15,13.3838452809,16.058913096,1.3310763015,25.0926963829
2012-10-16,11.9946899517,16.4868748814,1.99422529365,25.1687124675
2012-10-17,11.3957042377,17.3980631828,1.72242868046,23.7875484516
2012-10-18,9.26786946761,18.7790184213,4.61299990848,23.6238763369
2012-10-19,9.49868546126,18.69817993,4.88248385576,24.4313504253
2012-10-20,8.78999490592,16.9775331633,5.82629750302,23.874244359
2012-10-21,8.53750725871,16.4256727264,5.51795748032,24.1434622802
2012-10-22,9.02888099276,17.2970263624,7.17429168971,22.8900041967
2012-10-23,9.10004156219,16.4413058154,6.45831379253,23.7992814083
2012-10-24,9.72202362132,18.0083952938,6.06076666313,24.18938365
2012-10-25,8.99030527765,18.6117361282,5.62262531218,25.4963351009
2012-10-26,10.1042607604,18.5972408335,4.16198071089,25.7433855603
2012-10-27,10.1673877133,20.1260435588,4.91676420601,26.2008105919
2012-10-28,9.82332558559,19.8564866444,4.9161879907,26.0265942749
2012-10-29,9.55565672753,20.5525391438,4.45250281284,26.2398597294
2012-10-30,8.94873806363,21.2037099129,4.00774513503,26.5197908615
2012-10-31,9.24290321077,22.3091628416,3.13056904668,25.216599686
2012-11-01,9.89693215343,22.5419937434,4.91491374074,24.7625633173
2012-11-02,10.3362401692,20.988496185,6.56245533118,25.0226010099
2012-11-03,9.14164840774,20.7524097442,7.84554690853,25.6656101103
2012-11-04,9.61362675593,20.8630502403,8.34251533448,26.3824462029
2012-11-05,9.17955823686,20.8194686075,10.2379110799,25.5671366247
2012-11-06,7.62646706498,20.4298805046,11.68513563,24.7941546202
2012-11-07,7.28266964722,20.1874945804,12.0383447667,26.4195736482
2012-11-08,6.93571529631,19.6039425517,12.5402669358,27.9169074823
2012-11-09,6.74982152264,20.662534305,12.8964916388,29.3045868086
2012-11-10,6.8313559061,20.4495677784,10.6851300649,30.2058294439
2012-11-11,5.52008781837,20.9331676361,10.9213606257,29.8151069664
2012-11-12,5.93343768289,19.9904340712,11.7797936715,28.2781173309
2012-11-13,5.3693817377,20.1287499685,12.4704295141,29.1868710563
2012-11-14,7.38157201852,20.1117857392,10.4905747368,29.078639123
2012-11-15,7.6622843481,18.5074226694,10.725410904,29.3480604021
2012-11-16,7.56976228728,18.0996599153,11.0567286324,29.8216207088
2012-11-17,7.1970323968,18.8515871616,10.1100950141,30.6931173857
2012-11-18,6.86701620929,18.813222848,10.6535091994,30.2038871892
2012-11-19,7.74607152379,19.5144743555,11.0516975529,29.7473052016
2012-11-20,7.36564610983,17.2295792717,10.3867828152,28.6516242407
2012-11-21,7.17478371018,17.0699422579,9.09967590617,29.1535541239
2012-11-22,7.79286188434,18.0918638413,10.495673677,28.6394953357
2012-11-23,6.5202669604,18.1164103401,7.74993797348,28.3072264022
2012-11-24,8.36709647528,18.0414576126,6.68529656066,29.0955892943
2012-11-25,9.85535441122,18.1014978535,6.84563947789,28.7165674705
2012-11-26,7.86323431545,18.0983230101,6.84635459614,26.6744477989
2012-11-27,9.09438248873,17.8915734598,6.56771395493,27.5626727755
2012-11-28,8.20884782623,16.2309897656,5.54600690102,27.2879838822
2012-11-29,8.861633459,15.6012720075,4.67301085317,27.6667568951
2012-11-30,8.88958743103,16.0451464857,5.40694298428,25.181918408
2012-12-01,8.59140467376,16.293175999,6.7222890259,24.8399891953
2012-12-02,7.48216564501,15.4809553118,5.68003093622,24.3942847909
2012-12-03,7.25743093402,14.8310547009,4.45964262637,23.266672365
2012-12-04,8.53228829374,14.5463593031,3.61320282893,22.5782939186
2012-12-05,7.77992215502,15.4848054283,4.3826411576,22.1965740283
2012-12-06,8.81392635712,18.3411488293,3.442920209,21.6684777812
2012-12-07,11.1184521557,18.16525305,3.52796835009,19.7887453584
2012-12-08,12.1870293333,18.8236583419,3.06568435018,20.4278162245
2012-12-09,10.9955329579,17.3466534511,3.15431654088,20.2437618499
2012-12-10,12.075286857,18.2508868978,4.85632406616,20.2908217731
2012-12-11,11.8759011614,19.3217822296,5.73866338603,20.2598640362
2012-12-12,10.7209734075,20.3188967466,5.23066647881,21.730466761
2012-12-13,11.4029412695,22.3449740334,7.26861066575,21.2173442613
2012-12-14,11.4770438635,24.949047048,6.76692985044,20.6945561106
2012-12-15,10.4559118626,24.8978092553,5.66435591348,20.1605909283
2012-12-16,10.0764250206,25.2934983943,6.09031976334,20.0377787246
2012-12-17,9.92380096106,27.4956592321,6.20546709777,19.8004025303
2012-12-18,8.41429634957,27.3657925434,6.73829574213,19.8926879777
2012-12-19,6.97124223088,27.8279824801,7.31180026774,19.6792623107
2012-12-20,6.67616505343,26.5296987502,5.9158753943,20.4055155444
2012-12-21,6.82711427772,25.2039749545,4.22012654515,20.4607811137
2012-12-22,5.48125900248,24.3004291383,3.54164446705,19.80573263
2012-12-23,5.87327224743,24.306367338,5.19498835954,19.6277442008
2012-12-24,5.97263045891,25.5902163594,6.27698884893,19.86740244
2012-12-25,5.87210104673,25.6025001393,6.59769904122,21.2487482524
2012-12-26,4.64131756458,25.9323242891,7.82321876231,21.8721532159
2012-12-27,4.37553863382,23.9112851799,7.85992722745,21.3746605887
2012-12-28,2.61792629245,24.035288698,11.1380720987,22.1485174294
2012-12-29,1.02185202537,23.7162562634,11.7319787903,22.7748967567
2012-12-30,3.01563262041,23.9292971343,12.7803810325,24.0467639465
2012-12-31,2.20489174763,24.029235219,12.9450605819,24.5105896531
2013-01-01,1.52465589165,24.0570098296,12.5267885744,23.4573835173
2013-01-02,2.56883868344,23.0484112776,12.2482128675,24.6185474851
2013-01-03,3.87293528753,23.9709534978,10.2203331778,23.6277041566
2013-01-04,3.21855088377,24.436982671,10.913753428,23.1020833717
2013-01-05,3.96151920521,23.8998798246,11.3040576199,23.249882387
2013-01-06,6.05553946861,23.9857654705,12.0135302071,21.2102400796
2013-01-07,5.28500568809,25.5070094543,12.3912160074,20.2707301936
2013-01-08,5.6894089022,26.450356458,13.0989562735,21.3159154355
2013-01-09,5.44548958149,25.8255465847,12.7736830853,20.9865358879
2013-01-10,5.17117971335,26.5885277848,10.9272284001,18.8362980834
2013-01-11,5.65904046335,27.3523079862,11.4481539971,17.8594638798
2013-01-12,5.15378832931,27.9080871301,11.8370071841,17.8979400345
2013-01-13,5.2297541231,28.0752749113,12.1372057433,17.7393559535
2013-01-14,4.91814346259,27.7424583336,11.8056144934,18.3706589018
2013-01-15,5.07902852315,27.4945764089,11.8431311089,19.0611781457
2013-01-16,4.09694030345,28.1836349566,12.2025208111,20.0756484505
2013-01-17,4.01531115556,28.2856144586,10.9391148943,18.6705766006
2013-01-18,4.29506599782,26.2644165789,10.551398567,18.5476912657
2013-01-19,5.31243020689,26.1592582506,11.0256658805,19.0273379442
2013-01-20,5.809809805,27.2718345868,10.2316522561,19.0986176014
2013-01-21,6.31246117537,28.9228239488,8.62861912481,17.2171661343
2013-01-22,5.9013979384,27.8557988061,9.49480559302,18.1321585127
2013-01-23,5.14345375074,26.5728023339,11.920846186,15.9646490431
2013-01-24,4.35749553905,27.2437678202,12.1782897427,16.44840688
2013-01-25,5.80984819929,27.8281975954,12.5188651238,17.4471341762
2013-01-26,5.10187878912,28.0955701734,13.2740251991,16.8526112993
2013-01-27,5.77266569532,28.8551200465,14.5775950501,14.3218541515
2013-01-28,7.08596839993,30.3774105753,14.6959340028,15.6696082948
2013-01-29,7.73711450621,32.0855034272,14.807211117,16.4287097015
2013-01-30,9.27269560072,31.8774709887,12.8540076918,16.9825439839
2013-01-31,9.92733529084,33.1348811038,12.674123106,16.1476500916
2013-02-01,10.097662,32.8833246244,13.4172456505,16.1443173299
2013-02-02,10.7075666669,33.3039480575,13.362788551,16.7215151624
2013-02-03,11.0230380269,34.6496036306,13.5337529769,15.9587612892
2013-02-04,9.95907768981,34.8012782642,14.9051600432,16.9227685477
2013-02-05,10.3918329328,34.5115512086,12.8713879682,17.390466983
2013-02-06,8.131954892,33.8456384065,12.7998958286,16.5605734385
2013-02-07,7.94578970941,32.5409146134,11.6250402612,15.7989713652
2013-02-08,7.60262061405,32.5059587015,11.3669178479,15.1939577575
2013-02-09,6.89766553436,32.6900587821,11.3355781401,14.7990046249
2013-02-10,7.28482994742,33.9370229646,11.5336130327,14.2900945872
2013-02-11,8.49334414905,34.3538003797,12.720684558,14.6373776048
2013-02-12,9.03505532102,34.7940119106,12.0328952761,14.2508309541
2013-02-13,8.25759548023,35.1585990798,12.2435120152,14.2122037973
2013-02-14,7.91743779145,36.2676034496,11.4513964227,14.7133604976
2013-02-15,7.42601430338,36.9101690767,10.9444596491,14.6001425827
2013-02-16,7.12512313078,36.606133512,11.4346640496,14.0104608447
2013-02-17,7.09109112491,37.2902502285,10.9801271177,15.2030887158
2013-02-18,7.63363051499,35.4902378921,11.0864879706,16.1032784528
2013-02-19,7.82295154067,35.4780749594,11.9126100398,16.3522907722
2013-02-20,9.56006762157,35.9227366707,11.304041204,17.1756768017
2013-02-21,10.5595398524,36.8295052472,11.862688749,17.4725909768
2013-02-22,10.5937176404,37.8249789082,11.5920434559,16.891602554
2013-02-23,10.6757635903,38.2764158484,11.0011915571,17.4475203887
2013-02-24,11.5806940645,37.7790842139,11.942648873,16.4065834494
2013-02-25,12.6896555581,37.1909147232,10.5329080384,17.4837870904
2013-02-26,11.8422378013,36.7672906028,9.20631521959,14.7984330016
2013-02-27,11.017194498,36.4662581114,8.26825783884,13.7314545045
2013-02-28,12.3622658612,34.7532467705,8.82925437001,12.7163370652
2013-03-01,13.3068437801,34.611607936,8.79047969392,13.3738608074
2013-03-02,14.7635104855,33.3266980871,8.20160471106,13.6380337093
2013-03-03,15.5493328586,32.808694701,7.83965246514,14.7178433704
2013-03-04,15.1698572177,33.7984906528,7.72540324464,14.0828794915
2013-03-05,17.0534608951,33.6368459808,8.79618518785,13.8616892055
2013-03-06,15.7058729593,34.4760395678,8.1250621423,14.6476938708
2013-03-07,16.1362081888,34.0837522095,9.52894454819,14.2433386479
2013-03-08,14.5743469243,34.8066161553,8.81592581244,12.7602586614
2013-03-09,13.9216637008,34.2388831931,10.0577436419,13.3391189791
2013-03-10,15.1677064889,33.6784673567,11.0208209103,13.5197546112
2013-03-11,16.5755714643,32.87187278,10.4053630492,12.5080321755
2013-03-12,16.6517486204,32.6754453411,11.3345071457,11.6930506681
2013-03-13,17.472989821,33.1472597831,10.9743316886,11.6833009441
2013-03-14,18.1395424382,31.7590284436,12.770046263,9.9129806852
2013-03-15,19.7825819775,31.8595780012,11.4856211348,8.35497134275
2013-03-16,20.5858802579,32.7800505946,12.9133115157,7.80000840811
2013-03-17,20.6800003252,32.4906554065,13.7968236291,6.75188780274
2013-03-18,21.612622262,31.4521158608,13.5196271917,8.39873844696
2013-03-19,22.6310564528,29.9206841625,13.1023403774,7.95759506175
2013-03-20,23.5071166258,31.422013623,12.2135462199,7.71201978948
2013-03-21,23.3695412109,32.2836584397,12.8782367404,7.11204057932
2013-03-22,23.3264990745,31.9295199629,12.4706575528,6.39016818433
2013-03-23,23.7938994138,32.0851528099,12.777196095,8.81855929681
2013-03-24,24.8851043362,30.4710653301,11.290561108,10.3519968735
2013-03-25,25.4699542969,29.379828562,11.5356505261,9.55263881324
2013-03-26,25.6890731232,31.080292013,13.2180332364,9.56228326882
2013-03-27,24.9277054486,31.8416830659,14.9400444195,9.86497652184
2013-03-28,24.2023027326,30.5182627672,14.5607811101,9.50223251869
2013-03-29,23.9898799388,28.973904457,13.820756158,9.15449383629
2013-03-30,24.8329273366,27.4107896439,12.2505357629,8.20639091455
2013-03-31,24.287935088,28.5131953495,11.5329965825,9.04887330101
2013-04-01,24.4936336359,26.2442893662,11.9624236299,7.82556098128
2013-04-02,24.9614932995,28.1032650918,10.4933120341,7.47758645493
2013-04-03,24.4681935983,27.5478349242,10.7766300279,6.88335381314
2013-04-04,26.1006971878,27.6104983609,9.41382118626,6.08405271787
2013-04-05,25.2824631567,26.9227271032,10.5730092649,5.71368813942
2013-04-06,25.8715576925,26.6567285514,9.86246000386,5.46519265973
2013-04-07,26.2844519726,25.7160897363,10.0885854829,3.30582572139
2013-04-08,26.9290745628,26.7032431297,10.786347069,1.96002247862
2013-04-09,26.8169615153,27.695169717,9.84757430885,3.12164745079
2013-04-10,27.1183955224,28.4411174785,10.6652134285,2.69069044566
2013-04-11,27.1929811041,27.2468025701,10.6342419027,4.37421541728
2013-04-12,27.224779974,26.8771499794,10.3641345922,4.13724520407
2013-04-13,26.4864483785,26.9017855582,9.17069465685,4.95879927737
2013-04-14,26.3389478176,26.6828916811,9.86438705075,3.85717649015
2013-04-15,26.4825222138,25.5651572101,9.16104701363,4.28858713361
2013-04-16,26.7423954321,25.2696863259,9.13344871407,3.15998967282
2013-04-17,25.8374000088,24.9597613817,9.85715144054,3.37308055505
2013-04-18,25.353941641,25.1843793042,8.43376967816,3.19191201396
2013-04-19,26.3171577156,25.6394479947,8.31329574692,3.7275287022
2013-04-20,25.7840246411,26.7277806277,7.99747870015,4.38273452467
2013-04-21,27.1812476954,26.0309537642,6.7519259243,4.85373718626
2013-04-22,28.0351702801,23.4027483965,6.78066203633,5.10379417405
2013-04-23,28.3380546724,23.9922547957,6.78349978332,5.18160391516
2013-04-24,28.7350773869,22.8292608679,7.19342569194,6.51201880206
2013-04-25,28.2099272075,22.3378358627,6.90169465899,6.43639030895
2013-04-26,26.8446946263,20.5413076827,7.84850475239,4.72016628015
2013-04-27,28.9881106184,18.9303168015,7.8593330167,4.11393301663
2013-04-28,29.5593453207,19.2220506517,9.03406042088,5.09919953046
2013-04-29,31.4511939943,17.2709029409,8.81912028885,6.44501044077
2013-04-30,32.3972614477,17.5349266497,8.81081505788,8.01933183612
2013-05-01,32.1296075499,16.4247059354,6.9170993871,7.33214312112
2013-05-02,33.1961135169,15.0508156164,7.66559794201,5.54238812115
2013-05-03,33.3643058045,13.9066903325,9.24556020549,5.6116019361
2013-05-04,33.7947432101,13.9420032602,10.1953944276,7.73788284164
2013-05-05,33.1223313375,12.9098457714,9.70697767638,7.68917425095
2013-05-06,34.4215280537,11.5749096348,10.2712002467,6.32754253335
2013-05-07,32.6394980076,10.6081274488,8.70561120314,8.7949241071
2013-05-08,32.6815889565,9.88646702234,8.15410138105,7.52681597281
2013-05-09,32.5735685042,10.2484563346,7.99585049196,7.97293317542
2013-05-10,32.5047772536,10.1221987158,6.87186400945,9.20159556562
2013-05-11,32.9920167072,10.8004236645,6.34030984005,9.1012998583
2013-05-12,33.0553649833,10.9373432168,7.24802065762,7.98099865329
2013-05-13,31.6491795975,12.031053574,7.37392079068,8.25726989331
2013-05-14,31.4470519566,12.3276647542,7.95862022854,8.47876074453
2013-05-15,33.8209751171,11.035203453,8.20385551232,9.57647637744
2013-05-16,34.2621367449,10.6099383375,8.38809738207,10.3846667875
2013-05-17,33.0643674224,9.45387121113,9.26553419579,9.94986589012
2013-05-18,33.0219622474,11.6279141161,9.15617840606,9.88367277801
2013-05-19,34.9343970449,11.2687295952,10.3478530554,9.31273909965
2013-05-20,35.3370416095,11.1479709711,9.36445552477,8.47127802978
2013-05-21,35.0342558568,11.7664795066,9.08936978608,8.7955857721
2013-05-22,36.6875784994,13.6060107817,8.15419138313,8.33166683669
2013-05-23,35.5847301802,13.9276861561,9.26300647799,8.66925108448
2013-05-24,35.9745790453,11.7042491581,8.56536650924,8.29742604665
2013-05-25,34.1015358978,10.7279501066,9.36747659222,7.75315003009
2013-05-26,34.5926569366,11.0079745044,10.1225532433,8.41700385773
2013-05-27,34.0602350029,11.6513060267,9.30413688988,6.99319708169
2013-05-28,33.4780272451,12.0448561136,8.66921002084,5.02337020761
2013-05-29,32.9787396218,13.3417517358,10.7945268732,4.32242660246
2013-05-30,34.1895423853,14.588501995,10.8902196778,5.23324575481
2013-05-31,34.7138894809,15.2552636976,11.5889352416,6.69551967554
2013-06-01,36.5986343009,16.3282714988,9.59883813017,5.76170754181
2013-06-02,37.4203526195,14.6472091029,10.2370439799,5.77703129726
2013-06-03,37.4992213845,14.4624626733,11.3329175473,5.91301533428
2013-06-04,37.5594597541,14.6391819874,11.7234139659,6.90029138408
2013-06-05,39.2063136996,13.5956360489,9.82222361733,6.61346975968
2013-06-06,39.3041528103,13.7854341881,11.6124400759,7.33295787433
2013-06-07,39.6531324125,13.033672316,10.8538543096,5.37094369518
2013-06-08,40.5500653103,13.9180873113,11.48761269,5.63011151943
2013-06-09,38.8580751962,16.1756428118,9.86405311261,4.18015213132
2013-06-10,40.9812559062,16.9938970462,11.9396942336,5.23078926126
2013-06-11,40.04115558,16.5508515246,11.4394974524,5.77027356252
2013-06-12,40.5814655477,16.3721444003,10.0826213046,7.21516208232
2013-06-13,40.1414183533,16.4892783161,10.4121446851,6.81902510889
2013-06-14,39.4253713159,16.3016453965,9.99653798391,6.50932477211
2013-06-15,39.3853118767,15.9334350702,9.65738065524,5.14620450448
2013-06-16,38.8548439859,15.7071642894,8.71207159135,5.11238876103
2013-06-17,37.8302458694,15.8128579662,9.12448565072,4.46464449292
2013-06-18,37.9726170323,16.5252163788,10.262028357,3.43228064765
2013-06-19,37.8535954574,16.4772282379,11.2147803426,4.42477680155
2013-06-20,37.9132811558,17.6143464365,10.7559681739,4.00331001069
2013-06-21,38.0092617702,17.7233729021,11.0351506528,5.92384794146
2013-06-22,37.7955180102,17.8160203577,11.8730468569,6.90115287583
2013-06-23,36.2775839479,18.6848629964,11.0338160974,6.87201217765
2013-06-24,37.8490102605,18.0025064732,10.3620220569,6.0226475512
2013-06-25,38.4450790296,18.5787952336,11.5371926539,5.68778739529
2013-06-26,39.8729558817,16.9840136661,10.9544983632,5.06696256826
2013-06-27,41.015617135,18.3933494997,12.1929785434,4.75598365582
2013-06-28,40.2003287905,17.7414630972,13.5403782256,6.64641379438
2013-06-29,41.838241304,18.2438532749,13.5507425343,7.10593186043
2013-06-30,39.9636139013,16.6058000463,13.4588790593,8.43981609347
2013-07-01,40.1012734406,17.4519725164,13.3870630641,9.99694617275
2013-07-02,39.8367970655,15.7984804379,12.3643790276,10.9638488837
2013-07-03,39.4324514482,15.5027199298,12.2314616816,10.1227252814
2013-07-04,39.8806309154,14.3418917499,13.0529497786,8.85746395686
2013-07-05,40.9528316716,14.5082380237,13.1246645642,10.3614917163
2013-07-06,42.256397487,15.8666023729,12.2428508688,9.64115910142
2013-07-07,41.8888906784,17.6703896413,12.7997729143,8.46373470203
2013-07-08,42.8002639664,18.2916481792,13.2194404887,8.34017336569
2013-07-09,39.2170180555,18.3716212122,13.4882174666,8.20788817893
2013-07-10,38.3993821277,17.7207389309,15.5557445331,7.67676215173
2013-07-11,37.1910792173,17.0819986578,14.2772959071,8.15784768115
2013-07-12,36.0885289872,16.5108199027,14.6089658782,5.05144120733
2013-07-13,35.7621217565,15.0212848211,15.1982574142,3.18503782742
2013-07-14,36.4435185768,14.9393508756,16.8792991328,3.54234117589
2013-07-15,35.8927881356,15.948489202,16.8385417716,1.15175319037
2013-07-16,35.7944707679,16.8981557099,18.6515182179,1.55130065677
2013-07-17,35.7209853092,16.4908701543,16.5892479567,2.94151466824
2013-07-18,34.1771478526,15.5161934423,15.3810091196,1.9986334137
2013-07-19,34.7343283286,14.9769129314,14.5162213115,2.56984302688
2013-07-20,35.2283688497,15.1737949878,14.7131714558,4.03766744803
2013-07-21,35.1694881726,16.1882820162,15.6102988094,3.01391762345
2013-07-22,36.1391248917,18.325476393,15.9120148126,1.86585376183
2013-07-23,37.1775020945,17.7016376688,14.8129724547,2.0815882075
2013-07-24,37.8354015291,17.3561630704,13.3163505692,3.2258358815
2013-07-25,36.7440409831,15.7047581417,12.4465362674,2.7739677688
2013-07-26,36.2023329473,15.7425890333,10.9987730673,2.21233163292
2013-07-27,36.6918758282,15.3069912997,10.3751589307,0.673910766459
2013-07-28,35.3445329407,15.3358176317,10.5821149685,0.638089855129
2013-07-29,35.4661688905,13.7366288856,13.2851054747,0.34539799185
2013-07-30,34.7315468469,14.1640470572,12.1813751251,0.126107099788
2013-07-31,35.1529296413,13.0668354593,13.3611247156,-0.72779843821
2013-08-01,36.7936839254,13.3717024822,12.667825871,0.762321214173
2013-08-02,36.9347129961,13.0387094773,13.515783452,2.22275893281
2013-08-03,35.3233015019,14.1123354824,13.5029652403,0.564235656706
2013-08-04,36.788870341,13.7779749888,12.9557678633,1.17607410829
2013-08-05,37.0180950192,14.5421800013,14.5194866337,0.931164839796
2013-08-06,37.8092035267,13.3790728372,15.0378888459,0.898217521931
2013-08-07,37.4706708691,13.3045967899,16.0202924179,0.374740744475
2013-08-08,38.2888859861,12.7084831312,15.0380627375,-1.31419660973
2013-08-09,38.8124547348,12.2653206583,16.7502983868,0.780704215879
2013-08-10,39.3517918928,12.9131907051,16.4664251993,2.12628939918
2013-08-11,41.6402943072,12.2956753726,16.1594864554,3.47313859461
2013-08-12,40.6285783037,13.0009715432,15.4123089559,5.20103291001
2013-08-13,40.9909814314,11.4578035807,15.8145681503,6.93502762685
2013-08-14,39.9737491374,11.9393649526,14.4661417145,6.62993209775
2013-08-15,39.9197653084,11.8261835081,16.0246772449,7.81903304935
2013-08-16,40.243847377,12.1459360288,16.340930912,8.25986959942
2013-08-17,40.698780329,12.7696798659,16.7105604837,7.19132451128
2013-08-18,39.4493387192,12.8410835235,17.8661191173,7.44361886343
2013-08-19,39.7119205987,12.277092554,17.1740334695,7.71687142499
2013-08-20,41.0168063901,13.7567158324,16.1466356512,6.80252195424
2013-08-21,40.5694300738,13.8494016512,17.0191852463,6.30850574645
2013-08-22,39.9261634983,13.6283072415,15.4350557601,7.32776234621
2013-08-23,40.1437157212,13.4349243741,16.7500798773,6.35803955343
2013-08-24,40.1008283101,15.0105813065,17.9141610618,6.7502111592
2013-08-25,39.3517199179,13.6573244078,20.3702611121,7.40810215804
2013-08-26,40.1760305274,14.5796324294,20.9478774621,7.58654416049
2013-08-27,41.6246728505,14.7187923357,21.265292382,8.18776549161
2013-08-28,39.9932178762,13.6774441041,21.1677918663,11.1016570421
2013-08-29,40.2686898167,13.1427659989,21.5583036536,11.098554742
2013-08-30,40.0069146535,10.911799329,23.0454955151,10.567046059
2013-08-31,38.9835758227,10.4719809952,24.7202417354,12.2626705453
2013-09-01,39.0461869412,10.3431847235,24.8864132233,12.9660726012
2013-09-02,38.7588751697,9.51037345941,25.2588082249,13.8285982176
2013-09-03,38.6828610276,7.3383488175,24.4874149019,13.3819571116
2013-09-04,37.0509435389,9.23480488652,25.3223624022,12.484855129
2013-09-05,36.8169114425,8.49956708252,24.1490948113,11.300400338
2013-09-06,35.9404012077,8.91834225034,23.8605811438,12.3663760163
2013-09-07,36.8068985142,10.0899812839,25.0428697093,13.7496277949
2013-09-08,34.5243273091,11.1893311472,27.4972609414,14.8046431932
2013-09-09,35.1765180645,10.4044969092,27.4824741928,15.0526522435
2013-09-10,35.0806268435,10.7452733738,27.2016847878,15.0983331777
2013-09-11,34.8396889937,11.1532096612,27.4636826386,13.8007704168
2013-09-12,33.2302865271,12.8393949554,26.8406193462,12.70658527
2013-09-13,33.3208350513,12.9000492713,27.6147788124,12.6339876037
2013-09-14,33.3860678839,12.3069558139,28.7587504376,13.2165166277
2013-09-15,34.1113120409,13.1223970923,29.3776224579,13.7508004782
2013-09-16,33.3489378812,13.4372575685,29.1907232608,13.75765377
2013-09-17,34.1710496813,12.815361461,29.565306961,13.5824936838
2013-09-18,33.4804531911,11.5115781288,30.336577985,14.226930286
2013-09-19,33.6609998135,10.1292006865,31.6161158481,15.046500479
2013-09-20,34.3861896697,8.52425780082,31.6208057674,14.7265492734
2013-09-21,34.1607318736,8.28335407333,32.2942766408,16.0878295002
2013-09-22,32.8589528586,7.8187395073,33.0793127109,17.3389640389
2013-09-23,33.9768591677,7.62000309248,34.2730213134,16.5879826365
2013-09-24,34.8373653264,6.67439018873,33.8643721226,17.7672618196
2013-09-25,34.5252317247,6.2878059657,33.5421910229,18.7677750794
2013-09-26,33.1671743131,4.50974657215,33.2203169403,19.0941826705
2013-09-27,33.2394294856,5.29014247482,34.9735658927,19.6077660811
2013-09-28,32.0337151218,3.56459623866,32.3672735594,19.5738167237
2013-09-29,31.9298357594,0.730331809201,32.0845620532,18.4777073253
2013-09-30,31.3852130263,1.23180061089,33.2140928469,18.5907272116
2013-10-01,32.4125058816,0.538489210243,34.126894599,19.3993462507
2013-10-02,32.1829192456,0.959775021683,35.7577919085,20.7093931681
2013-10-03,31.6371223685,0.520652292671,36.1889855533,20.0537339117
2013-10-04,31.2976399151,-1.49954407894,36.1185367026,19.5782959883
2013-10-05,32.3786379889,-1.09001096613,36.2019306704,20.7724240246
2013-10-06,29.9775912986,-0.978221029859,35.9562998718,20.6498863426
2013-10-07,28.5252508434,-1.65986563991,36.2785582858,21.6922451693
2013-10-08,29.3920780054,-1.44134730499,37.2357838363,19.5439512523
2013-10-09,30.6217870311,-3.47581809824,36.7748488253,18.7175231981
2013-10-10,29.9150264257,-4.5371230162,37.3212418088,18.7734669566
2013-10-11,31.0820654177,-4.01460386342,37.1852932054,16.9947867025
2013-10-12,32.5795345416,-5.28350465734,36.169164981,18.5924527339
2013-10-13,33.8184877036,-5.75284088147,35.8778267782,19.6555344459
2013-10-14,32.9553730777,-5.22381103943,35.3704367312,21.0342567112
2013-10-15,32.4016136308,-5.68228538012,35.9406888764,21.2995444723
2013-10-16,32.9658166288,-5.7467575659,34.1765093711,20.6428564142
2013-10-17,32.8059021535,-6.58311475659,33.9843180026,19.956151113
2013-10-18,33.3724041848,-7.04853922057,34.5277073638,20.7665301863
2013-10-19,32.328354336,-8.18815868431,33.4463366211,19.4264188104
2013-10-20,31.8899914217,-8.78788691527,32.3676547641,19.4133729786
2013-10-21,31.1968593213,-9.33553891098,32.9495597614,18.7562746197
2013-10-22,32.3653028739,-8.02914294208,32.2768950079,19.8414608245
2013-10-23,32.2295753245,-8.28165165415,31.956677942,22.4122535886
2013-10-24,32.6359550921,-7.19006144512,31.6571095454,22.4940701393
2013-10-25,32.2708262084,-5.46597899442,32.0501322441,22.8213097224
2013-10-26,30.1335926584,-3.65095246713,32.2761364501,23.0308768947
2013-10-27,30.6878458865,-4.29838503365,31.3765148241,23.9480381856
2013-10-28,29.4358269118,-4.110887945,31.2920899322,24.7232346595
2013-10-29,29.0889678376,-4.89965666903,32.3017719603,24.9512465977
2013-10-30,28.4184904255,-4.73040579043,31.7839181008,26.4830058768
2013-10-31,28.1036686759,-4.20667968161,31.5858545932,25.2618314648
2013-11-01,29.0998519975,-4.6142145541,31.1273986751,24.8248374818
2013-11-02,30.6997456346,-4.52751141752,31.317156628,23.8425084532
2013-11-03,32.0327387861,-4.37352000778,31.2987970028,23.955851722
2013-11-04,31.7908646022,-4.78132395229,30.7709014981,26.8717695424
2013-11-05,30.6437147906,-4.44663789983,28.7511973783,27.5016778275
2013-11-06,30.8355179863,-4.29736455063,28.9382527643,27.1083128883
2013-11-07,31.9445527748,-3.75670403294,29.2872520875,28.3082158735
2013-11-08,32.3836659771,-5.48624526705,30.1025740033,27.6287623667
2013-11-09,32.0549227845,-5.68110507146,30.3538076008,26.7900561751
2013-11-10,32.2592749483,-6.51878954326,30.3046502057,26.8935600876
2013-11-11,33.3576729878,-6.41336959,29.3427587223,28.0940035944
2013-11-12,34.8374860605,-6.06083909785,29.14997513,27.5148116827
2013-11-13,34.4697502575,-6.03842050675,28.1808972853,26.033220455
2013-11-14,33.9127882966,-5.20593419817,26.7538035837,25.873510322
2013-11-15,33.65320436,-4.2604940383,27.5482389595,26.7607185646
2013-11-16,32.8073923183,-5.13650280723,26.9438056835,25.2400480343
2013-11-17,33.2579144487,-5.31009794083,26.2264576092,23.9895528077
2013-11-18,33.6367614156,-4.43817737702,26.9787041087,23.0422132232
2013-11-19,35.1798655084,-4.41919397117,25.5235131271,24.3404122327
2013-11-20,36.2974553437,-4.83521076958,25.9793502458,23.9715904575
2013-11-21,34.5638120571,-4.04814550982,27.2399923933,25.6657917504
2013-11-22,34.2111341305,-3.74224092603,26.9307445933,25.595371728
2013-11-23,34.4656120623,-3.40693118453,26.5754094505,25.8817534097
2013-11-24,33.9399973075,-4.3063973677,26.6947984506,25.3556516395
2013-11-25,34.0255404154,-5.84182504013,27.140358718,24.986217705
2013-11-26,35.0073115251,-5.37170694679,27.2006684948,25.885999303
2013-11-27,35.8580578213,-6.38088866551,27.2518875658,24.7533717745
2013-11-28,36.2043418874,-6.05735683803,27.3959454964,25.2985584063
2013-11-29,37.3315175318,-7.27360882887,27.6696234108,27.1635721967
2013-11-30,37.8039537082,-10.0827834656,26.744834915,27.0694493523
2013-12-01,36.7543974325,-9.89306101059,25.5787088088,25.5659859636
2013-12-02,39.4031727212,-10.4734352612,25.0370697543,25.8569381825
2013-12-03,39.3391070992,-12.3945113677,25.961925462,25.7212460481
2013-12-04,37.3388933909,-13.4693842927,26.3672689399,25.6222409772
2013-12-05,35.1807738164,-12.1941768364,26.6644857006,26.7105092319
2013-12-06,34.9480966251,-11.1915802596,25.8749738692,25.9200573049
2013-12-07,35.9737914468,-11.5763446748,24.6187652216,26.4734436171
2013-12-08,36.7991527503,-11.8521195951,23.9365272092,26.0651156548
2013-12-09,37.9642054021,-12.4722363909,23.4246231766,26.38428153
2013-12-10,36.7867470945,-12.4225811823,24.3206136687,28.3394569128
2013-12-11,38.8876066942,-12.9980639957,23.8886873953,27.0053767132
2013-12-12,39.2498352292,-12.4273001091,25.1175128086,26.8573963849
2013-12-13,39.9480789136,-11.3028366649,25.4688739384,26.0628499505
2013-12-14,39.210489412,-10.9857921085,25.8340813078,26.960888405
2013-12-15,38.6812426215,-10.1481409355,25.6364312075,25.9965568879
2013-12-16,38.8951550599,-12.0248071482,25.9454783123,25.5721526626
2013-12-17,38.0296202154,-12.4027870607,24.8034163361,24.4617044447
2013-12-18,37.7229386478,-12.2558838926,24.0593629416,24.0226183226
2013-12-19,38.7815882706,-11.0141650628,23.4511222358,24.4143251115
2013-12-20,40.1609261808,-11.314121919,22.5992975109,24.1586957605
2013-12-21,41.2329316413,-11.0843600584,22.2544587218,24.9053816148
2013-12-22,41.8984784808,-10.8875030699,21.7977875621,24.2648449136
2013-12-23,41.9977885566,-12.0409716716,21.3568868412,23.5193322497
2013-12-24,41.709713029,-9.83478809969,23.0621115666,23.8784585486
2013-12-25,40.5893396439,-11.0444054945,24.8915619821,25.4581428485
2013-12-26,40.5428195939,-9.54394375011,24.7555065185,25.8140434502
2013-12-27,40.3914074234,-8.90528857254,24.2614371302,26.9921495445
2013-12-28,41.4294028876,-9.83493316272,24.7706997833,26.3628847161
2013-12-29,40.4627633654,-9.73570641796,25.5866450425,26.293517911
2013-12-30,40.5419755667,-11.0463270111,29.0371949903,25.9003745271
2013-12-31,42.8487615552,-10.1844115358,28.4847457656,25.4963240333
2014-01-01,43.6075431512,-11.4477619023,27.6105984418,25.862522197
2014-01-02,43.730725772,-11.7989033809,27.0455801461,26.303099009
2014-01-03,43.2444916368,-12.4313457305,28.6386752351,24.5439876719
2014-01-04,44.5942925169,-11.3621608527,29.636037181,24.6195275734
2014-01-05,44.1795120255,-11.2587350772,31.4898812054,24.6170346442
2014-01-06,44.0184432174,-11.6041478114,31.8571108653,24.4617259946
2014-01-07,43.8572003499,-11.9968855748,33.7969113535,24.5207654751
2014-01-08,44.1672552127,-11.6976811358,32.9002443937,23.8578640167
2014-01-09,43.7481451618,-10.2306415005,33.8699792677,25.0523799609
2014-01-10,42.9485313868,-10.6648093014,34.5097873675,24.5843854401
2014-01-11,42.1564359572,-12.0793519859,36.1176768247,24.9714800336
2014-01-12,41.931155481,-12.4539676103,37.2377098458,25.6746336631
2014-01-13,42.733799278,-13.1032827448,38.3278732155,26.1094276043
2014-01-14,41.9368786949,-11.8903956819,39.7852011313,28.4694798106
2014-01-15,40.9124268877,-12.8458315248,39.1190754709,29.6608560774
2014-01-16,40.7941864159,-13.505140101,39.9122943995,30.7955371368
2014-01-17,40.5015823194,-13.5573725831,41.6814113197,29.7175310007
2014-01-18,39.8547773209,-13.6331219356,41.5091665513,31.8118866173
2014-01-19,38.58493732,-15.1400912266,41.5517535343,33.1605175764
2014-01-20,39.4409798488,-14.2677462746,41.9952871296,31.5028100697
2014-01-21,39.1457496147,-15.1792250322,41.2672780337,31.7415923039
2014-01-22,38.9143794815,-15.8039482879,41.7674134356,30.6593785113
2014-01-23,39.754556375,-18.0381936121,41.6745685816,30.6348663768
2014-01-24,38.8505682119,-18.137949262,42.9090539989,29.6991167209
2014-01-25,39.4008890622,-18.6411332397,42.217108273,30.2292336975
2014-01-26,39.5204125806,-17.5305047628,42.8403841621,30.7124553906
2014-01-27,38.38967299,-17.2095032096,43.2968474262,30.4158441028
2014-01-28,37.3726091394,-17.6756567979,42.9499332853,30.0636823881
2014-01-29,37.0110578174,-18.1867630992,43.0219451554,30.1353929685
2014-01-30,38.3708324423,-18.8268216685,42.6035778306,31.7445230359
2014-01-31,38.0491064704,-18.0955137849,42.9231236669,33.9026260103
2014-02-01,37.8635819387,-17.1021129233,42.9479582889,34.1249378317
2014-02-02,38.0566465451,-17.044643806,41.9823266348,34.8289133522
2014-02-03,37.4658327402,-15.2609952085,41.4051883507,34.3686868572
2014-02-04,37.5546487147,-15.8847688023,38.7345542158,34.3154275013
2014-02-05,37.6563770098,-16.6418127759,38.8686652122,34.1086959319
2014-02-06,37.394657094,-15.7708448457,40.1751476986,34.1035447183
2014-02-07,38.7085696438,-16.1401207869,40.451319098,34.8032786228
2014-02-08,39.1934097936,-17.7835432917,40.3928972434,34.507841909
2014-02-09,36.9560658212,-18.5532118154,39.8596888378,34.2410004008
2014-02-10,35.4093141581,-19.0074905482,39.6602075384,31.6442003891
2014-02-11,35.2864431166,-20.1841479043,40.4464642374,30.5544473564
2014-02-12,34.2441823455,-21.4142643652,39.7299604621,28.8415051917
2014-02-13,34.8886677333,-21.6866887843,38.8374293485,26.0692931156
2014-02-14,35.1885200519,-22.6252302407,39.8155788578,28.2638198265
2014-02-15,34.8422210012,-24.1775324138,38.6703287723,28.8587892497
2014-02-16,35.4842909361,-24.5066904752,37.5568468515,30.6505500306
2014-02-17,34.5820713014,-24.7909105921,35.7266006412,33.0367796805
2014-02-18,34.7887663621,-25.5846016301,36.4937871561,32.8524142641
2014-02-19,35.7613818046,-25.8573448373,37.1066034155,33.1419338422
2014-02-20,35.9530085985,-25.5543435706,37.7794980455,32.9587792934
2014-02-21,37.0917168723,-26.9305590248,38.610021344,32.2074052173
2014-02-22,36.8606753071,-26.7206111398,38.1132962483,32.5217573249
2014-02-23,37.5596896441,-27.4590283653,38.2308525921,31.7041972465
2014-02-24,37.561213417,-25.8484928222,39.2277503001,31.0583736191
2014-02-25,38.2307442032,-25.7231813877,38.7572926534,30.2596728101
2014-02-26,36.2467640374,-25.9192733327,39.3222257852,31.5124587762
2014-02-27,35.2903081968,-24.0798979825,37.9892374713,31.8885277567
2014-02-28,34.1314789644,-23.9527163941,36.8709699831,32.9431427345
2014-03-01,34.6589446889,-23.6745976602,37.0006701064,32.2172237397
2014-03-02,35.6574260312,-22.1848989467,37.2223243284,30.4890341628
2014-03-03,34.4349749903,-22.2045737586,36.8003398625,30.3297476879
2014-03-04,34.4845262371,-22.4773064562,35.9561591078,29.5276558705
2014-03-05,34.6547407085,-23.2057618767,35.3337052698,30.2086369931
2014-03-06,32.68046152,-23.1596067399,35.5741760956,29.3965547801
2014-03-07,31.1974026864,-23.7565192572,36.8385365979,30.3131626208
2014-03-08,30.2572700197,-22.468343889,36.4634601643,31.9850990601
2014-03-09,29.7723737272,-22.6334448714,35.1698475614,33.9934447109
2014-03-10,30.4038550259,-22.2141827954,35.4445367079,33.1929081475
2014-03-11,33.0833187441,-20.2797159689,35.5817569321,33.6046217116
2014-03-12,31.7650921255,-20.4962804611,34.6032751965,32.6118719213
2014-03-13,32.7088944739,-19.2974671631,34.3151332787,32.0110110971
2014-03-14,31.1805814547,-20.2140626617,31.8939750483,31.6578678391
2014-03-15,31.0327090429,-20.3553967901,30.9935303302,29.3357424302
2014-03-16,29.7299563724,-21.090067736,31.7921810977,30.4669914823
2014-03-17,32.7473668325,-21.2156254557,30.2986642289,29.3048325199
2014-03-18,32.3565165197,-22.4725064489,29.339707959,29.2716558197
2014-03-19,31.3896124461,-21.681775559,30.3771084424,30.7163711587
2014-03-20,30.3372817978,-19.5002018565,33.5361606625,30.7397541925
2014-03-21,30.7752787054,-19.1834890397,34.5396531699,29.8449804514
2014-03-22,30.1440595913,-19.14121424,34.4075835226,27.5410469756
2014-03-23,29.2623867881,-19.7453472734,33.9415498348,28.3906116864
2014-03-24,29.9176237425,-18.9028037208,35.3896257806,27.9492969612
2014-03-25,31.0846751311,-19.2743468955,35.0085460901,28.4037383614
2014-03-26,31.5395982855,-19.4112995568,34.7023365222,29.3572487568
2014-03-27,32.7631581445,-19.572574366,35.9101117103,29.1034713752
2014-03-28,34.3115745432,-18.8758625143,35.1487583626,28.8560181892
2014-03-29,33.5988823699,-19.1168549124,34.5430750106,27.7402415757
2014-03-30,36.343709377,-20.5196467752,34.6196729488,27.0755357583
2014-03-31,36.5855801357,-21.8611194912,33.4033401298,28.165904008
2014-04-01,37.7757627684,-21.4835300971,33.5086830516,28.0465242688
2014-04-02,39.2931034817,-21.0575180855,33.5254254896,28.5924142467
2014-04-03,38.6389238936,-21.6202463841,31.991515894,27.8407595986
2014-04-04,38.3964517024,-21.6251851389,32.3601381634,27.1951727692
2014-04-05,38.8626236348,-20.0021542184,33.5868295488,26.986047875
2014-04-06,39.5487947575,-20.6590804607,31.8527413153,28.3386331868
2014-04-07,40.1159830301,-19.6506591689,32.3430237956,29.7890915719
2014-04-08,38.7197664527,-18.9099257562,32.5247907123,31.0971264786
2014-04-09,38.1901048965,-18.5160278547,31.9783820556,30.8700043937
2014-04-10,38.6283714832,-17.5996353804,30.909447651,31.2151251476
2014-04-11,40.3009631698,-17.920011156,31.8742445441,31.38917146
2014-04-12,40.6984810834,-18.2612725443,32.4588258756,31.3372049245
2014-04-13,40.9594967483,-18.4490036537,30.9643691947,30.7478048999
2014-04-14,40.6745191139,-17.2965395215,30.3455496666,30.6950520547
2014-04-15,40.0391589238,-15.5819517635,29.1342655424,31.8093060451
2014-04-16,40.7445646665,-15.6455315039,26.8434717931,31.8943816032
2014-04-17,40.5080572823,-15.7189770542,25.7315689675,32.703238053
2014-04-18,39.147138789,-14.5528014115,25.5345676623,33.5362388891
2014-04-19,39.0179490087,-14.4562980405,25.4058165693,32.7401679951
2014-04-20,40.1458826637,-14.2545015261,23.5690459371,33.0785609696
2014-04-21,39.6781764341,-13.148089123,24.1967490042,33.2077229759
2014-04-22,37.7551360083,-13.5800143387,23.7123082264,34.4975686966
2014-04-23,37.1398041063,-13.161326731,23.6770058442,34.3134158472
2014-04-24,38.0985456213,-14.1650193937,23.5201541434,34.7287628475
2014-04-25,39.5551577421,-13.1168021721,21.4348148432,34.9652656711
2014-04-26,39.8547267304,-11.0561663159,21.3135058605,35.4161379622
2014-04-27,39.4533900635,-12.0000012528,21.6701322723,34.5681760355
2014-04-28,39.4805176005,-12.2845916945,20.7405508203,33.4336707071
2014-04-29,40.8687787872,-10.9884266346,20.2853927113,33.3131949633
2014-04-30,39.1123154641,-12.9111837046,19.9851467741,31.6831716481
2014-05-01,38.3966050018,-13.15196823,20.9528526729,32.4009793248
2014-05-02,36.9708345262,-12.7872904937,20.8793838937,31.0961353895
2014-05-03,38.0306256096,-10.8654648877,21.1116533128,31.0716316132
2014-05-04,37.8634749915,-11.3588996039,20.6333099779,31.3250314418
2014-05-05,39.4128072994,-11.2346502146,20.264121515,31.8742040655
2014-05-06,39.4786856872,-11.0393318203,20.7792358579,32.6493498841
2014-05-07,39.053117255,-10.0982687372,21.161955673,31.3481775599
2014-05-08,39.6524133736,-11.0206583786,20.0414141928,32.1359458382
2014-05-09,40.0674308871,-12.470217661,18.0354941705,31.8904321626
2014-05-10,40.4792730553,-10.58008596,18.2383268447,31.997933619
2014-05-11,40.3585643867,-11.5826315211,17.8229533791,33.4342904756
2014-05-12,38.982690944,-10.3818705431,17.4182644456,33.9887002205
2014-05-13,38.8170044776,-9.39199135354,18.3573681601,32.731911618
2014-05-14,37.5294618299,-9.47831944287,19.0507238001,32.0977392651
2014-05-15,38.3410341374,-8.54582211963,18.0450768252,30.4517674645
2014-05-16,41.1060234181,-8.02878944925,18.6418756988,30.6155646897
2014-05-17,42.1463267592,-8.78339105989,18.9232041755,31.3497926953
2014-05-18,42.5917036677,-8.06710855178,19.2015926645,32.2309726908
2014-05-19,41.9490385309,-8.53119348775,19.9273905377,32.2537819623
2014-05-20,41.7365066956,-8.50398261777,21.2235879602,32.2980557554
2014-05-21,40.818901174,-9.20935677711,20.7484006566,33.4568494384
2014-05-22,40.3065274458,-9.70635138414,21.0528743815,32.4602423365
2014-05-23,41.2334584774,-10.2969839838,22.0301150754,31.7764757626
2014-05-24,42.3054649633,-12.2987703649,20.675960051,31.6285340214
2014-05-25,42.1564291563,-10.9787172343,19.7451504974,30.0723945864
2014-05-26,42.5946105186,-12.4109153691,19.0420687933,28.413368626
2014-05-27,41.8120056314,-11.2891129112,18.4009909221,30.1507337679
2014-05-28,42.8058967668,-10.832823864,18.6035149575,29.953385863
2014-05-29,42.5473106299,-11.6077620558,17.7271648443,28.8602787399
2014-05-30,41.6397154564,-10.8238363069,19.2744537661,30.7372577707
2014-05-31,41.6196165504,-9.76423664469,19.8494021868,29.7954698152
2014-06-01,42.5380887819,-10.3005734399,20.3193519223,29.1029422341
2014-06-02,41.6734681434,-9.81247151608,21.4535336848,29.5319130992
2014-06-03,43.0265681699,-10.7952303569,23.170882368,30.6741571756
2014-06-04,43.3590512277,-8.58351010359,22.7616263132,29.8158499626
2014-06-05,42.1660943862,-7.47462381808,22.8297871596,28.8336132287
2014-06-06,42.9279048544,-6.85761463015,23.6660170519,29.1359391588
2014-06-07,43.349453055,-5.76549460726,22.9759332259,28.5676465795
2014-06-08,43.1616027357,-6.40482564243,24.1327244641,30.0042453938
2014-06-09,43.5543300603,-6.94105875348,23.2808640816,30.6288773067
2014-06-10,43.2493406779,-7.18348634452,23.6737862148,30.2830241791
2014-06-11,43.5701663288,-7.05242880874,24.4114574304,32.2086806312
2014-06-12,43.4133664282,-7.3600717212,24.255341784,31.0203546845
2014-06-13,43.0242540734,-7.17655757592,25.0051955957,31.4065416274
2014-06-14,43.9198947763,-5.03991251638,24.9101369686,31.4585019293
2014-06-15,43.9816040024,-6.59309799082,24.0591667599,32.6712656764
2014-06-16,45.8022575347,-8.06150762845,24.8707368364,32.9494044535
2014-06-17,45.7724492634,-8.53794073226,25.7790182122,34.5491515817
2014-06-18,45.7401793871,-10.1591907563,23.5631279647,34.104115662
2014-06-19,45.2543570914,-11.6536248462,23.5271140016,33.5721393663
2014-06-20,44.2785218271,-13.0193926463,23.9515151798,33.9365216793
2014-06-21,44.3066061535,-13.345686606,23.70495301,35.3116573616
2014-06-22,42.479077971,-12.8568636466,23.5293576079,33.8556543664
2014-06-23,41.2626256599,-12.6397096955,23.766154019,31.7820408786
2014-06-24,41.4071156334,-12.5850023167,24.1731163991,31.7977966627
2014-06-25,41.1653914812,-11.0129767914,23.3889403138,33.3273109628
2014-06-26,42.5851913779,-11.448547619,23.628511137,32.3762886143
2014-06-27,41.273160262,-11.1467833517,24.2114857419,31.7334522135
2014-06-28,41.5473338996,-9.88863843359,23.7700643935,32.0351153563
2014-06-29,40.5727504291,-10.8765554879,22.8559884695,31.80557924
2014-06-30,40.4993562239,-11.5591696213,22.9507295576,31.2097688778
2014-07-01,40.6860769026,-11.0846324088,22.7792189345,31.9856347692
2014-07-02,41.0890134036,-12.2683167109,24.1407773634,31.5748219076
2014-07-03,39.9366970693,-13.7247520231,24.3886965135,30.2980535842
2014-07-04,36.8659549173,-12.2422825446,25.444194053,30.3769477546
2014-07-05,37.3677316336,-14.7705572732,26.2255807968,28.3816562679
2014-07-06,38.1346867529,-13.7856300367,27.2743548857,27.7575737723
2014-07-07,37.7256480141,-14.5047846948,25.9355589659,29.1687661733
2014-07-08,36.458138095,-14.9399309267,25.7451920719,28.202542924
2014-07-09,36.5982846406,-13.9237601616,26.2886897168,28.1671325396
2014-07-10,36.6494169681,-15.142336284,27.944585516,28.4651480646
2014-07-11,35.5691728655,-14.4835660001,28.3623311662,28.1337124748
2014-07-12,35.2098088659,-13.6024039894,26.1876041163,28.0003818888
2014-07-13,35.1743285976,-14.384742642,25.6634538695,27.8968271246
2014-07-14,35.3402559772,-14.655674305,25.7974851211,27.2829537783
2014-07-15,35.2340294855,-13.9229963327,25.2641102997,25.8840536201
2014-07-16,35.1439870733,-13.7795926444,24.7154629638,26.0103374107
2014-07-17,35.4177933517,-15.8937671514,23.2721427067,24.6045086603
2014-07-18,36.6946026738,-16.0971835121,23.0771301667,23.5054933385
2014-07-19,37.1842946418,-16.4352981246,23.764263878,23.1468052235
2014-07-20,40.235215168,-17.3840158061,23.7426786016,21.9332679544
2014-07-21,40.661953938,-17.2607621945,22.6421793213,22.3590192825
2014-07-22,40.017055114,-19.0121302235,23.2439347784,22.1183118892
2014-07-23,40.0177540567,-18.6940316228,22.2525535604,22.4396712065
2014-07-24,39.9716856474,-18.4795136912,23.0908439391,22.4493185263
2014-07-25,39.8799308294,-19.8773225312,23.0888824956,22.9927545737
2014-07-26,39.1374914777,-20.5994259089,22.7536319563,23.1039051289
2014-07-27,37.8796216193,-20.3660473335,22.656268645,22.1400942962
2014-07-28,37.7899068797,-20.4306920743,22.1111144219,22.7416529562
2014-07-29,38.3195705156,-21.1247670147,23.5866013101,22.9906496453
2014-07-30,37.6245354527,-22.3092499236,23.5064923229,21.7826166511
2014-07-31,35.7297604255,-21.1346922532,23.8764613032,22.4112187321
2014-08-01,35.4778722707,-19.4772941141,25.4833690406,23.1133054653
2014-08-02,35.0404986274,-20.2002071577,26.8340777686,21.7784444928
2014-08-03,36.4261368964,-19.5298101207,28.2343321751,21.3436724539
2014-08-04,37.6798785962,-17.2440107761,28.1210362125,20.7502021106
2014-08-05,36.3341204287,-17.8344048499,27.1849317287,22.5660604494
2014-08-06,37.3672593048,-18.5928310309,28.5881519092,20.7700650053
2014-08-07,37.0055578727,-18.2024762925,29.2425348199,21.2344332081
2014-08-08,38.0032177064,-17.1550002726,29.5838476502,22.2896693324
2014-08-09,38.2190041521,-16.0385192651,30.6686204829,22.8666977107
2014-08-10,38.9798795928,-14.846956347,30.5065511562,24.2223089026
2014-08-11,39.709579499,-14.5345258143,31.8118348546,23.7705634602
2014-08-12,39.226273601,-14.5912577594,32.6426224427,22.7899945428
2014-08-13,39.6580234758,-15.2658970006,33.5734565676,22.8540462698
2014-08-14,38.2297601348,-15.3663653313,33.8438663225,22.9913168849
2014-08-15,37.2964768016,-15.1834135691,33.6852088159,23.8620396906
2014-08-16,36.546707965,-16.1564419066,33.4871408787,23.7077788824
2014-08-17,36.4727899247,-15.0928086801,35.8852987704,23.0694467328
2014-08-18,37.4243743036,-15.4771821706,35.5919074182,22.175524337
2014-08-19,37.9516743007,-17.313006663,36.117914508,22.2028864179
2014-08-20,36.7402410542,-16.3830550756,35.7727704146,22.9279607624
2014-08-21,36.6088825248,-15.6184394599,36.5587436516,22.5054246786
2014-08-22,36.8604360989,-16.1011739278,35.3967713836,23.871781987
2014-08-23,37.0790560967,-17.0627954192,35.2474526616,24.0090642236
2014-08-24,38.6563285028,-16.6993403739,34.214503718,24.0457808274
2014-08-25,39.7965668846,-16.9234967927,33.8415558923,23.9039005383
2014-08-26,41.1267640314,-17.4726545074,32.4562999969,23.7599919902
2014-08-27,40.3180305154,-17.0086460709,32.9015990397,24.8738563211
2014-08-28,40.4338477129,-17.6157790947,30.5744907952,23.8843385847
2014-08-29,39.4989513656,-16.8183435532,31.1619004988,24.2708418426
2014-08-30,39.3923437933,-16.7477422115,30.1595598257,24.21497759
2014-08-31,40.7909012169,-16.5186338005,31.4749930699,26.5524225653
2014-09-01,41.5263647758,-16.5301039742,31.6867430508,26.5514741568
2014-09-02,40.7472462869,-17.2199736596,31.4651361379,26.9508965316
2014-09-03,40.9977309635,-14.4133363057,30.6677311907,26.9623411071
2014-09-04,41.6282401107,-13.4353446972,32.1583388122,26.3437697548
2014-09-05,41.5937317862,-14.4172274911,31.7049184462,26.4708355304
2014-09-06,42.4427809145,-15.7490007548,32.624227975,28.6883155679
2014-09-07,42.2162001202,-16.6867678077,33.3245367799,29.109009615
2014-09-08,40.9421138408,-15.4010995014,33.516139411,27.9910027164
2014-09-09,41.5360597804,-14.8552847936,33.5148068269,28.1331209428
2014-09-10,40.9902581372,-14.5994954511,34.4103203186,28.807550934
2014-09-11,41.7574003147,-14.7056198451,34.2230236261,28.8633093196
2014-09-12,41.6395322033,-16.3836051467,33.1235615805,27.6699784968
2014-09-13,43.7140696049,-16.9138522842,33.6403457809,27.4078693988
2014-09-14,45.0472193596,-16.9945621191,32.8762244117,28.6395374108
2014-09-15,44.4476190751,-17.7020416212,33.1440260127,29.4401659982
2014-09-16,44.3369954512,-16.0373718541,34.6161376384,30.5832501923
2014-09-17,45.5423165535,-16.5445319179,34.313978593,30.4894077924
2014-09-18,44.1075367505,-16.8140404127,34.6455672252,31.3863749551
2014-09-19,43.000604985,-15.3291826084,34.649183182,31.4456913169
2014-09-20,44.3171621233,-16.2335724153,34.1717165727,31.4193077215
2014-09-21,43.6667090177,-15.973390217,33.4127181594,31.5630534586
2014-09-22,44.5100472735,-15.8450223059,32.0816925683,30.9215065526
2014-09-23,43.6571049904,-14.0182931051,30.9886167014,31.3000544862
2014-09-24,43.4847185995,-13.6964382475,28.548241695,30.715097758
2014-09-25,43.8297991216,-12.0780563875,27.463350689,28.9694230415
2014-09-26,43.2209632548,-12.0354348197,28.5342429819,30.9208249497
